[{"id":"786e68ea.333f98","type":"ui_form","z":"46036e88.fac37","name":"","label":"","group":"c53dbc3e.73d","order":0,"width":"20","height":"4","options":[{"label":"text","value":"t","type":"text","required":true,"rows":null}],"formValue":{"t":""},"payload":"","submit":"submit","cancel":"cancel","topic":"","x":100,"y":120,"wires":[["264aa731.13a858"]]},{"id":"c53dbc3e.73d","type":"ui_group","z":"","name":"Sms","tab":"df16b515.6b56e8","order":1,"disp":true,"width":"20","collapse":false},{"id":"df16b515.6b56e8","type":"ui_tab","z":"","name":"SMS","icon":"dashboard","disabled":false,"hidden":false}]