{
  "id" : "24ccb660-1c74-11e8-909b-b12abc265234-20",
  "name" : "mobikwik.txt",
  "createdDate" : 1519814579398,
  "version" : 3,
  "text" : "Dhamaaaka offer! Now use Rs. 50 SuperCash at your local nearby stores! Pay with MobiKwik. T&CApply: bit.ly/2zf0nMU ",
  "docLength" : 0,
  "language" : "EN",
  "status" : "SUBMITTED",
  "modifiedDate" : 1519815887519,
  "documentSet" : [ ],
  "preannotation" : [ "PRE_SIRE" ],
  "sentences" : [ {
    "id" : "s0",
    "begin" : 0,
    "end" : 16,
    "text" : "Dhamaaaka offer!",
    "tokens" : [ {
      "id" : "s0-t0",
      "begin" : 0,
      "end" : 9,
      "text" : "Dhamaaaka",
      "whiteSpace" : false
    }, {
      "id" : "s0-t1",
      "begin" : 10,
      "end" : 15,
      "text" : "offer",
      "whiteSpace" : false
    }, {
      "id" : "s0-t2",
      "begin" : 15,
      "end" : 16,
      "text" : "!",
      "whiteSpace" : false
    } ]
  }, {
    "id" : "s1",
    "begin" : 17,
    "end" : 70,
    "text" : "Now use Rs. 50 SuperCash at your local nearby stores!",
    "tokens" : [ {
      "id" : "s1-t0",
      "begin" : 17,
      "end" : 20,
      "text" : "Now",
      "whiteSpace" : false
    }, {
      "id" : "s1-t1",
      "begin" : 21,
      "end" : 24,
      "text" : "use",
      "whiteSpace" : false
    }, {
      "id" : "s1-t2",
      "begin" : 25,
      "end" : 28,
      "text" : "Rs.",
      "whiteSpace" : false
    }, {
      "id" : "s1-t3",
      "begin" : 29,
      "end" : 31,
      "text" : "50",
      "whiteSpace" : false
    }, {
      "id" : "s1-t4",
      "begin" : 32,
      "end" : 41,
      "text" : "SuperCash",
      "whiteSpace" : false
    }, {
      "id" : "s1-t5",
      "begin" : 42,
      "end" : 44,
      "text" : "at",
      "whiteSpace" : false
    }, {
      "id" : "s1-t6",
      "begin" : 45,
      "end" : 49,
      "text" : "your",
      "whiteSpace" : false
    }, {
      "id" : "s1-t7",
      "begin" : 50,
      "end" : 55,
      "text" : "local",
      "whiteSpace" : false
    }, {
      "id" : "s1-t8",
      "begin" : 56,
      "end" : 62,
      "text" : "nearby",
      "whiteSpace" : false
    }, {
      "id" : "s1-t9",
      "begin" : 63,
      "end" : 69,
      "text" : "stores",
      "whiteSpace" : false
    }, {
      "id" : "s1-t10",
      "begin" : 69,
      "end" : 70,
      "text" : "!",
      "whiteSpace" : false
    } ]
  }, {
    "id" : "s2",
    "begin" : 71,
    "end" : 89,
    "text" : "Pay with MobiKwik.",
    "tokens" : [ {
      "id" : "s2-t0",
      "begin" : 71,
      "end" : 74,
      "text" : "Pay",
      "whiteSpace" : false
    }, {
      "id" : "s2-t1",
      "begin" : 75,
      "end" : 79,
      "text" : "with",
      "whiteSpace" : false
    }, {
      "id" : "s2-t2",
      "begin" : 80,
      "end" : 88,
      "text" : "MobiKwik",
      "whiteSpace" : false
    }, {
      "id" : "s2-t3",
      "begin" : 88,
      "end" : 89,
      "text" : ".",
      "whiteSpace" : false
    } ]
  }, {
    "id" : "s3",
    "begin" : 90,
    "end" : 114,
    "text" : "T&CApply: bit.ly/2zf0nMU",
    "tokens" : [ {
      "id" : "s3-t0",
      "begin" : 90,
      "end" : 98,
      "text" : "T&CApply",
      "whiteSpace" : false
    }, {
      "id" : "s3-t1",
      "begin" : 98,
      "end" : 99,
      "text" : ":",
      "whiteSpace" : false
    }, {
      "id" : "s3-t2",
      "begin" : 100,
      "end" : 114,
      "text" : "bit.ly/2zf0nMU",
      "whiteSpace" : false
    } ]
  } ],
  "mentions" : [ {
    "id" : "-M0",
    "source" : "IMPORT",
    "properties" : {
      "SIRE_ENTITY_LEVEL" : "NONE",
      "SIRE_MENTION_TYPE" : "NONE",
      "SIRE_MENTION_CLASS" : "SPC",
      "SIRE_ENTITY_CLASS" : "SPC",
      "SIRE_ENTITY_SUBTYPE" : "NONE",
      "SIRE_MENTION_ROLE" : "Offer"
    },
    "type" : "Offer",
    "begin" : 25,
    "end" : 41,
    "inCoref" : false
  }, {
    "id" : "-M1",
    "source" : "IMPORT",
    "properties" : {
      "SIRE_ENTITY_LEVEL" : "NONE",
      "SIRE_MENTION_TYPE" : "NONE",
      "SIRE_MENTION_CLASS" : "SPC",
      "SIRE_ENTITY_CLASS" : "SPC",
      "SIRE_ENTITY_SUBTYPE" : "NONE",
      "SIRE_MENTION_ROLE" : "Merchant"
    },
    "type" : "Merchant",
    "begin" : 80,
    "end" : 88,
    "inCoref" : false
  }, {
    "id" : "-M2",
    "source" : "IMPORT",
    "properties" : {
      "SIRE_ENTITY_LEVEL" : "NONE",
      "SIRE_MENTION_TYPE" : "NONE",
      "SIRE_MENTION_CLASS" : "SPC",
      "SIRE_ENTITY_CLASS" : "SPC",
      "SIRE_ENTITY_SUBTYPE" : "NONE",
      "SIRE_MENTION_ROLE" : "Terms_Conditions"
    },
    "type" : "Terms_Conditions",
    "begin" : 90,
    "end" : 98,
    "inCoref" : false
  }, {
    "id" : "-M3",
    "source" : "IMPORT",
    "properties" : {
      "SIRE_ENTITY_LEVEL" : "NONE",
      "SIRE_MENTION_TYPE" : "NONE",
      "SIRE_MENTION_CLASS" : "SPC",
      "SIRE_ENTITY_CLASS" : "SPC",
      "SIRE_ENTITY_SUBTYPE" : "NONE",
      "SIRE_MENTION_ROLE" : "Merchant_URL"
    },
    "type" : "Merchant_URL",
    "begin" : 100,
    "end" : 114,
    "inCoref" : false
  } ],
  "relations" : [ ],
  "corefs" : [ ],
  "typeResolved" : true,
  "userResolved" : false
}