{
  "id" : "24ccb660-1c74-11e8-909b-b12abc265234-28",
  "name" : "spar_hypermarket.txt",
  "createdDate" : 1519814579398,
  "version" : 3,
  "text" : "SPAR M-COUPON! Show Coupon MBHTE3 before billing to get Rs.125 Off on purchase of Rs.2500. Valid till 14 Feb. T&C. To opt out give missed call to +918039275834 ",
  "docLength" : 0,
  "language" : "EN",
  "status" : "SUBMITTED",
  "modifiedDate" : 1519836470665,
  "documentSet" : [ ],
  "preannotation" : [ "PRE_SIRE" ],
  "sentences" : [ {
    "id" : "s0",
    "begin" : 0,
    "end" : 14,
    "text" : "SPAR M-COUPON!",
    "tokens" : [ {
      "id" : "s0-t0",
      "begin" : 0,
      "end" : 4,
      "text" : "SPAR",
      "whiteSpace" : false
    }, {
      "id" : "s0-t1",
      "begin" : 5,
      "end" : 13,
      "text" : "M-COUPON",
      "whiteSpace" : false
    }, {
      "id" : "s0-t2",
      "begin" : 13,
      "end" : 14,
      "text" : "!",
      "whiteSpace" : false
    } ]
  }, {
    "id" : "s1",
    "begin" : 15,
    "end" : 90,
    "text" : "Show Coupon MBHTE3 before billing to get Rs.125 Off on purchase of Rs.2500.",
    "tokens" : [ {
      "id" : "s1-t0",
      "begin" : 15,
      "end" : 19,
      "text" : "Show",
      "whiteSpace" : false
    }, {
      "id" : "s1-t1",
      "begin" : 20,
      "end" : 26,
      "text" : "Coupon",
      "whiteSpace" : false
    }, {
      "id" : "s1-t2",
      "begin" : 27,
      "end" : 33,
      "text" : "MBHTE3",
      "whiteSpace" : false
    }, {
      "id" : "s1-t3",
      "begin" : 34,
      "end" : 40,
      "text" : "before",
      "whiteSpace" : false
    }, {
      "id" : "s1-t4",
      "begin" : 41,
      "end" : 48,
      "text" : "billing",
      "whiteSpace" : false
    }, {
      "id" : "s1-t5",
      "begin" : 49,
      "end" : 51,
      "text" : "to",
      "whiteSpace" : false
    }, {
      "id" : "s1-t6",
      "begin" : 52,
      "end" : 55,
      "text" : "get",
      "whiteSpace" : false
    }, {
      "id" : "s1-t7",
      "begin" : 56,
      "end" : 62,
      "text" : "Rs.125",
      "whiteSpace" : false
    }, {
      "id" : "s1-t8",
      "begin" : 63,
      "end" : 66,
      "text" : "Off",
      "whiteSpace" : false
    }, {
      "id" : "s1-t9",
      "begin" : 67,
      "end" : 69,
      "text" : "on",
      "whiteSpace" : false
    }, {
      "id" : "s1-t10",
      "begin" : 70,
      "end" : 78,
      "text" : "purchase",
      "whiteSpace" : false
    }, {
      "id" : "s1-t11",
      "begin" : 79,
      "end" : 81,
      "text" : "of",
      "whiteSpace" : false
    }, {
      "id" : "s1-t12",
      "begin" : 82,
      "end" : 89,
      "text" : "Rs.2500",
      "whiteSpace" : false
    }, {
      "id" : "s1-t13",
      "begin" : 89,
      "end" : 90,
      "text" : ".",
      "whiteSpace" : false
    } ]
  }, {
    "id" : "s2",
    "begin" : 91,
    "end" : 159,
    "text" : "Valid till 14 Feb. T&C. To opt out give missed call to +918039275834",
    "tokens" : [ {
      "id" : "s2-t0",
      "begin" : 91,
      "end" : 96,
      "text" : "Valid",
      "whiteSpace" : false
    }, {
      "id" : "s2-t1",
      "begin" : 97,
      "end" : 101,
      "text" : "till",
      "whiteSpace" : false
    }, {
      "id" : "s2-t2",
      "begin" : 102,
      "end" : 104,
      "text" : "14",
      "whiteSpace" : false
    }, {
      "id" : "s2-t3",
      "begin" : 105,
      "end" : 109,
      "text" : "Feb.",
      "whiteSpace" : false
    }, {
      "id" : "s2-t4",
      "begin" : 110,
      "end" : 114,
      "text" : "T&C.",
      "whiteSpace" : false
    }, {
      "id" : "s2-t5",
      "begin" : 115,
      "end" : 117,
      "text" : "To",
      "whiteSpace" : false
    }, {
      "id" : "s2-t6",
      "begin" : 118,
      "end" : 121,
      "text" : "opt",
      "whiteSpace" : false
    }, {
      "id" : "s2-t7",
      "begin" : 122,
      "end" : 125,
      "text" : "out",
      "whiteSpace" : false
    }, {
      "id" : "s2-t8",
      "begin" : 126,
      "end" : 130,
      "text" : "give",
      "whiteSpace" : false
    }, {
      "id" : "s2-t9",
      "begin" : 131,
      "end" : 137,
      "text" : "missed",
      "whiteSpace" : false
    }, {
      "id" : "s2-t10",
      "begin" : 138,
      "end" : 142,
      "text" : "call",
      "whiteSpace" : false
    }, {
      "id" : "s2-t11",
      "begin" : 143,
      "end" : 145,
      "text" : "to",
      "whiteSpace" : false
    }, {
      "id" : "s2-t12",
      "begin" : 146,
      "end" : 159,
      "text" : "+918039275834",
      "whiteSpace" : false
    } ]
  } ],
  "mentions" : [ {
    "id" : "-M0",
    "properties" : {
      "SIRE_ENTITY_LEVEL" : "NONE",
      "SIRE_MENTION_TYPE" : "NONE",
      "SIRE_MENTION_CLASS" : "SPC",
      "SIRE_ENTITY_CLASS" : "SPC",
      "SIRE_ENTITY_SUBTYPE" : "NONE",
      "SIRE_MENTION_ROLE" : "Merchant"
    },
    "type" : "Merchant",
    "begin" : 0,
    "end" : 4,
    "inCoref" : false
  }, {
    "id" : "-M1",
    "properties" : {
      "SIRE_ENTITY_LEVEL" : "NONE",
      "SIRE_MENTION_TYPE" : "NONE",
      "SIRE_MENTION_CLASS" : "SPC",
      "SIRE_ENTITY_CLASS" : "SPC",
      "SIRE_ENTITY_SUBTYPE" : "NONE",
      "SIRE_MENTION_ROLE" : "Coupon_Code"
    },
    "type" : "Coupon_Code",
    "begin" : 27,
    "end" : 33,
    "inCoref" : false
  }, {
    "id" : "-M2",
    "properties" : {
      "SIRE_ENTITY_LEVEL" : "NONE",
      "SIRE_MENTION_TYPE" : "NONE",
      "SIRE_MENTION_CLASS" : "SPC",
      "SIRE_ENTITY_CLASS" : "SPC",
      "SIRE_ENTITY_SUBTYPE" : "NONE",
      "SIRE_MENTION_ROLE" : "Offer"
    },
    "type" : "Offer",
    "begin" : 52,
    "end" : 89,
    "inCoref" : false
  }, {
    "id" : "-M3",
    "properties" : {
      "SIRE_ENTITY_LEVEL" : "NONE",
      "SIRE_MENTION_TYPE" : "NONE",
      "SIRE_MENTION_CLASS" : "SPC",
      "SIRE_ENTITY_CLASS" : "SPC",
      "SIRE_ENTITY_SUBTYPE" : "NONE",
      "SIRE_MENTION_ROLE" : "Validity_Period"
    },
    "type" : "Validity_Period",
    "begin" : 91,
    "end" : 109,
    "inCoref" : false
  }, {
    "id" : "-M4",
    "properties" : {
      "SIRE_ENTITY_LEVEL" : "NONE",
      "SIRE_MENTION_TYPE" : "NONE",
      "SIRE_MENTION_CLASS" : "SPC",
      "SIRE_ENTITY_CLASS" : "SPC",
      "SIRE_ENTITY_SUBTYPE" : "NONE",
      "SIRE_MENTION_ROLE" : "Terms_Conditions"
    },
    "type" : "Terms_Conditions",
    "begin" : 110,
    "end" : 114,
    "inCoref" : false
  }, {
    "id" : "-M5",
    "properties" : {
      "SIRE_ENTITY_LEVEL" : "NONE",
      "SIRE_MENTION_TYPE" : "NONE",
      "SIRE_MENTION_CLASS" : "SPC",
      "SIRE_ENTITY_CLASS" : "SPC",
      "SIRE_ENTITY_SUBTYPE" : "NONE",
      "SIRE_MENTION_ROLE" : "Merchant_Phone"
    },
    "type" : "Merchant_Phone",
    "begin" : 146,
    "end" : 159,
    "inCoref" : false
  } ],
  "relations" : [ {
    "id" : "s1-r1",
    "properties" : { },
    "type" : "OfferhasCouponCode",
    "args" : [ "-M2", "-M1" ]
  } ],
  "corefs" : [ ],
  "typeResolved" : true,
  "userResolved" : false
}