{
  "id" : "2a0e08b0-1c59-11e8-b9e6-1925f9a60537-10",
  "name" : "vanheusen.txt",
  "createdDate" : 1519802991803,
  "version" : 3,
  "text" : "Van Heusen: Buy 3 Get 2 FREE, Buy 2 Get 1 FREE & more exciting offers at our BIG End of Season Sale! Don't miss out to choose from the best! Drop by today. T&C. ",
  "docLength" : 0,
  "language" : "EN",
  "status" : "SUBMITTED",
  "modifiedDate" : 1519835924863,
  "documentSet" : [ ],
  "preannotation" : [ ],
  "sentences" : [ {
    "id" : "s0",
    "begin" : 0,
    "end" : 100,
    "text" : "Van Heusen: Buy 3 Get 2 FREE, Buy 2 Get 1 FREE & more exciting offers at our BIG End of Season Sale!",
    "tokens" : [ {
      "id" : "s0-t0",
      "begin" : 0,
      "end" : 3,
      "text" : "Van",
      "whiteSpace" : false
    }, {
      "id" : "s0-t1",
      "begin" : 4,
      "end" : 10,
      "text" : "Heusen",
      "whiteSpace" : false
    }, {
      "id" : "s0-t2",
      "begin" : 10,
      "end" : 11,
      "text" : ":",
      "whiteSpace" : false
    }, {
      "id" : "s0-t3",
      "begin" : 12,
      "end" : 15,
      "text" : "Buy",
      "whiteSpace" : false
    }, {
      "id" : "s0-t4",
      "begin" : 16,
      "end" : 17,
      "text" : "3",
      "whiteSpace" : false
    }, {
      "id" : "s0-t5",
      "begin" : 18,
      "end" : 21,
      "text" : "Get",
      "whiteSpace" : false
    }, {
      "id" : "s0-t6",
      "begin" : 22,
      "end" : 23,
      "text" : "2",
      "whiteSpace" : false
    }, {
      "id" : "s0-t7",
      "begin" : 24,
      "end" : 28,
      "text" : "FREE",
      "whiteSpace" : false
    }, {
      "id" : "s0-t8",
      "begin" : 28,
      "end" : 29,
      "text" : ",",
      "whiteSpace" : false
    }, {
      "id" : "s0-t9",
      "begin" : 30,
      "end" : 33,
      "text" : "Buy",
      "whiteSpace" : false
    }, {
      "id" : "s0-t10",
      "begin" : 34,
      "end" : 35,
      "text" : "2",
      "whiteSpace" : false
    }, {
      "id" : "s0-t11",
      "begin" : 36,
      "end" : 39,
      "text" : "Get",
      "whiteSpace" : false
    }, {
      "id" : "s0-t12",
      "begin" : 40,
      "end" : 41,
      "text" : "1",
      "whiteSpace" : false
    }, {
      "id" : "s0-t13",
      "begin" : 42,
      "end" : 46,
      "text" : "FREE",
      "whiteSpace" : false
    }, {
      "id" : "s0-t14",
      "begin" : 47,
      "end" : 48,
      "text" : "&",
      "whiteSpace" : false
    }, {
      "id" : "s0-t15",
      "begin" : 49,
      "end" : 53,
      "text" : "more",
      "whiteSpace" : false
    }, {
      "id" : "s0-t16",
      "begin" : 54,
      "end" : 62,
      "text" : "exciting",
      "whiteSpace" : false
    }, {
      "id" : "s0-t17",
      "begin" : 63,
      "end" : 69,
      "text" : "offers",
      "whiteSpace" : false
    }, {
      "id" : "s0-t18",
      "begin" : 70,
      "end" : 72,
      "text" : "at",
      "whiteSpace" : false
    }, {
      "id" : "s0-t19",
      "begin" : 73,
      "end" : 76,
      "text" : "our",
      "whiteSpace" : false
    }, {
      "id" : "s0-t20",
      "begin" : 77,
      "end" : 80,
      "text" : "BIG",
      "whiteSpace" : false
    }, {
      "id" : "s0-t21",
      "begin" : 81,
      "end" : 84,
      "text" : "End",
      "whiteSpace" : false
    }, {
      "id" : "s0-t22",
      "begin" : 85,
      "end" : 87,
      "text" : "of",
      "whiteSpace" : false
    }, {
      "id" : "s0-t23",
      "begin" : 88,
      "end" : 94,
      "text" : "Season",
      "whiteSpace" : false
    }, {
      "id" : "s0-t24",
      "begin" : 95,
      "end" : 99,
      "text" : "Sale",
      "whiteSpace" : false
    }, {
      "id" : "s0-t25",
      "begin" : 99,
      "end" : 100,
      "text" : "!",
      "whiteSpace" : false
    } ]
  }, {
    "id" : "s1",
    "begin" : 101,
    "end" : 140,
    "text" : "Don't miss out to choose from the best!",
    "tokens" : [ {
      "id" : "s1-t0",
      "begin" : 101,
      "end" : 103,
      "text" : "Do",
      "whiteSpace" : false
    }, {
      "id" : "s1-t1",
      "begin" : 103,
      "end" : 106,
      "text" : "n't",
      "whiteSpace" : false
    }, {
      "id" : "s1-t2",
      "begin" : 107,
      "end" : 111,
      "text" : "miss",
      "whiteSpace" : false
    }, {
      "id" : "s1-t3",
      "begin" : 112,
      "end" : 115,
      "text" : "out",
      "whiteSpace" : false
    }, {
      "id" : "s1-t4",
      "begin" : 116,
      "end" : 118,
      "text" : "to",
      "whiteSpace" : false
    }, {
      "id" : "s1-t5",
      "begin" : 119,
      "end" : 125,
      "text" : "choose",
      "whiteSpace" : false
    }, {
      "id" : "s1-t6",
      "begin" : 126,
      "end" : 130,
      "text" : "from",
      "whiteSpace" : false
    }, {
      "id" : "s1-t7",
      "begin" : 131,
      "end" : 134,
      "text" : "the",
      "whiteSpace" : false
    }, {
      "id" : "s1-t8",
      "begin" : 135,
      "end" : 139,
      "text" : "best",
      "whiteSpace" : false
    }, {
      "id" : "s1-t9",
      "begin" : 139,
      "end" : 140,
      "text" : "!",
      "whiteSpace" : false
    } ]
  }, {
    "id" : "s2",
    "begin" : 141,
    "end" : 155,
    "text" : "Drop by today.",
    "tokens" : [ {
      "id" : "s2-t0",
      "begin" : 141,
      "end" : 145,
      "text" : "Drop",
      "whiteSpace" : false
    }, {
      "id" : "s2-t1",
      "begin" : 146,
      "end" : 148,
      "text" : "by",
      "whiteSpace" : false
    }, {
      "id" : "s2-t2",
      "begin" : 149,
      "end" : 154,
      "text" : "today",
      "whiteSpace" : false
    }, {
      "id" : "s2-t3",
      "begin" : 154,
      "end" : 155,
      "text" : ".",
      "whiteSpace" : false
    } ]
  }, {
    "id" : "s3",
    "begin" : 156,
    "end" : 160,
    "text" : "T&C.",
    "tokens" : [ {
      "id" : "s3-t0",
      "begin" : 156,
      "end" : 160,
      "text" : "T&C.",
      "whiteSpace" : false
    } ]
  } ],
  "mentions" : [ {
    "id" : "s0-m1",
    "properties" : {
      "SIRE_MENTION_ROLE" : "Merchant",
      "SIRE_ENTITY_SUBTYPE" : "NONE",
      "SIRE_MENTION_TYPE" : "NONE",
      "SIRE_MENTION_CLASS" : "SPC"
    },
    "type" : "Merchant",
    "begin" : 0,
    "end" : 10,
    "inCoref" : false
  }, {
    "id" : "s0-m2",
    "properties" : {
      "SIRE_MENTION_ROLE" : "Offer",
      "SIRE_ENTITY_SUBTYPE" : "NONE",
      "SIRE_MENTION_TYPE" : "NONE",
      "SIRE_MENTION_CLASS" : "SPC"
    },
    "type" : "Offer",
    "begin" : 12,
    "end" : 28,
    "inCoref" : false
  }, {
    "id" : "s0-m3",
    "properties" : {
      "SIRE_MENTION_ROLE" : "Offer",
      "SIRE_ENTITY_SUBTYPE" : "NONE",
      "SIRE_MENTION_TYPE" : "NONE",
      "SIRE_MENTION_CLASS" : "SPC"
    },
    "type" : "Offer",
    "begin" : 30,
    "end" : 46,
    "inCoref" : false
  }, {
    "id" : "s0-m4",
    "properties" : {
      "SIRE_MENTION_ROLE" : "Offer",
      "SIRE_ENTITY_SUBTYPE" : "NONE",
      "SIRE_MENTION_TYPE" : "NONE",
      "SIRE_MENTION_CLASS" : "SPC"
    },
    "type" : "Offer",
    "begin" : 49,
    "end" : 69,
    "inCoref" : false
  }, {
    "id" : "s0-m5",
    "properties" : {
      "SIRE_MENTION_ROLE" : "Festival_Occasion_Offers",
      "SIRE_ENTITY_SUBTYPE" : "NONE",
      "SIRE_MENTION_TYPE" : "NONE",
      "SIRE_MENTION_CLASS" : "SPC"
    },
    "type" : "Festival_Occasion_Offers",
    "begin" : 77,
    "end" : 99,
    "inCoref" : false
  }, {
    "id" : "s2-m1",
    "properties" : {
      "SIRE_MENTION_ROLE" : "Validity_Period",
      "SIRE_ENTITY_SUBTYPE" : "NONE",
      "SIRE_MENTION_TYPE" : "NONE",
      "SIRE_MENTION_CLASS" : "SPC"
    },
    "type" : "Validity_Period",
    "begin" : 149,
    "end" : 154,
    "inCoref" : false
  }, {
    "id" : "s3-m1",
    "properties" : {
      "SIRE_MENTION_ROLE" : "Terms_Conditions",
      "SIRE_ENTITY_SUBTYPE" : "NONE",
      "SIRE_MENTION_TYPE" : "NONE",
      "SIRE_MENTION_CLASS" : "SPC"
    },
    "type" : "Terms_Conditions",
    "begin" : 156,
    "end" : 160,
    "inCoref" : false
  } ],
  "relations" : [ {
    "id" : "s0-r1",
    "properties" : { },
    "type" : "MerchantgivesOffer",
    "args" : [ "s0-m1", "s0-m2" ]
  }, {
    "id" : "s0-r2",
    "properties" : { },
    "type" : "MerchantgivesOffer",
    "args" : [ "s0-m1", "s0-m3" ]
  }, {
    "id" : "s0-r3",
    "properties" : { },
    "type" : "MerchantgivesOffer",
    "args" : [ "s0-m1", "s0-m4" ]
  }, {
    "id" : "s0-r4",
    "properties" : { },
    "type" : "OfferhasName",
    "args" : [ "s0-m2", "s0-m5" ]
  } ],
  "corefs" : [ ],
  "typeResolved" : true,
  "userResolved" : false
}