{
  "id" : "2a0e08b0-1c59-11e8-b9e6-1925f9a60537-3",
  "name" : "myntra2.txt",
  "createdDate" : 1519802991803,
  "version" : 3,
  "text" : "Hey Koghul! Happy Hours with EXTRA 15% OFF From 6pm-8pm! Use Code: HHSUN4STGK Shop the best of Styles! http://smsd.in/m7DfLjnl ",
  "docLength" : 0,
  "language" : "EN",
  "status" : "SUBMITTED",
  "modifiedDate" : 1519835762738,
  "documentSet" : [ ],
  "preannotation" : [ ],
  "sentences" : [ {
    "id" : "s0",
    "begin" : 0,
    "end" : 11,
    "text" : "Hey Koghul!",
    "tokens" : [ {
      "id" : "s0-t0",
      "begin" : 0,
      "end" : 3,
      "text" : "Hey",
      "whiteSpace" : false
    }, {
      "id" : "s0-t1",
      "begin" : 4,
      "end" : 10,
      "text" : "Koghul",
      "whiteSpace" : false
    }, {
      "id" : "s0-t2",
      "begin" : 10,
      "end" : 11,
      "text" : "!",
      "whiteSpace" : false
    } ]
  }, {
    "id" : "s1",
    "begin" : 12,
    "end" : 102,
    "text" : "Happy Hours with EXTRA 15% OFF From 6pm-8pm! Use Code: HHSUN4STGK Shop the best of Styles!",
    "tokens" : [ {
      "id" : "s1-t0",
      "begin" : 12,
      "end" : 17,
      "text" : "Happy",
      "whiteSpace" : false
    }, {
      "id" : "s1-t1",
      "begin" : 18,
      "end" : 23,
      "text" : "Hours",
      "whiteSpace" : false
    }, {
      "id" : "s1-t2",
      "begin" : 24,
      "end" : 28,
      "text" : "with",
      "whiteSpace" : false
    }, {
      "id" : "s1-t3",
      "begin" : 29,
      "end" : 34,
      "text" : "EXTRA",
      "whiteSpace" : false
    }, {
      "id" : "s1-t4",
      "begin" : 35,
      "end" : 37,
      "text" : "15",
      "whiteSpace" : false
    }, {
      "id" : "s1-t5",
      "begin" : 37,
      "end" : 38,
      "text" : "%",
      "whiteSpace" : false
    }, {
      "id" : "s1-t6",
      "begin" : 39,
      "end" : 42,
      "text" : "OFF",
      "whiteSpace" : false
    }, {
      "id" : "s1-t7",
      "begin" : 43,
      "end" : 47,
      "text" : "From",
      "whiteSpace" : false
    }, {
      "id" : "s1-t8",
      "begin" : 48,
      "end" : 56,
      "text" : "6pm-8pm!",
      "whiteSpace" : false
    }, {
      "id" : "s1-t9",
      "begin" : 57,
      "end" : 60,
      "text" : "Use",
      "whiteSpace" : false
    }, {
      "id" : "s1-t10",
      "begin" : 61,
      "end" : 65,
      "text" : "Code",
      "whiteSpace" : false
    }, {
      "id" : "s1-t11",
      "begin" : 65,
      "end" : 66,
      "text" : ":",
      "whiteSpace" : false
    }, {
      "id" : "s1-t12",
      "begin" : 67,
      "end" : 77,
      "text" : "HHSUN4STGK",
      "whiteSpace" : false
    }, {
      "id" : "s1-t13",
      "begin" : 78,
      "end" : 82,
      "text" : "Shop",
      "whiteSpace" : false
    }, {
      "id" : "s1-t14",
      "begin" : 83,
      "end" : 86,
      "text" : "the",
      "whiteSpace" : false
    }, {
      "id" : "s1-t15",
      "begin" : 87,
      "end" : 91,
      "text" : "best",
      "whiteSpace" : false
    }, {
      "id" : "s1-t16",
      "begin" : 92,
      "end" : 94,
      "text" : "of",
      "whiteSpace" : false
    }, {
      "id" : "s1-t17",
      "begin" : 95,
      "end" : 101,
      "text" : "Styles",
      "whiteSpace" : false
    }, {
      "id" : "s1-t18",
      "begin" : 101,
      "end" : 102,
      "text" : "!",
      "whiteSpace" : false
    } ]
  }, {
    "id" : "s2",
    "begin" : 103,
    "end" : 126,
    "text" : "http://smsd.in/m7DfLjnl",
    "tokens" : [ {
      "id" : "s2-t0",
      "begin" : 103,
      "end" : 126,
      "text" : "http://smsd.in/m7DfLjnl",
      "whiteSpace" : false
    } ]
  } ],
  "mentions" : [ {
    "id" : "s1-m2",
    "properties" : {
      "SIRE_MENTION_ROLE" : "Offer",
      "SIRE_ENTITY_SUBTYPE" : "NONE",
      "SIRE_MENTION_TYPE" : "NONE",
      "SIRE_MENTION_CLASS" : "SPC"
    },
    "type" : "Offer",
    "begin" : 29,
    "end" : 56,
    "inCoref" : false
  }, {
    "id" : "s1-m3",
    "properties" : {
      "SIRE_MENTION_ROLE" : "Coupon_Code",
      "SIRE_ENTITY_SUBTYPE" : "NONE",
      "SIRE_MENTION_TYPE" : "NONE",
      "SIRE_MENTION_CLASS" : "SPC"
    },
    "type" : "Coupon_Code",
    "begin" : 67,
    "end" : 77,
    "inCoref" : false
  }, {
    "id" : "s2-m1",
    "properties" : {
      "SIRE_MENTION_ROLE" : "Merchant",
      "SIRE_ENTITY_SUBTYPE" : "NONE",
      "SIRE_MENTION_TYPE" : "NONE",
      "SIRE_MENTION_CLASS" : "SPC"
    },
    "type" : "Merchant",
    "begin" : 103,
    "end" : 126,
    "inCoref" : false
  } ],
  "relations" : [ {
    "id" : "s1-r1",
    "properties" : { },
    "type" : "OfferhasCouponCode",
    "args" : [ "s1-m2", "s1-m3" ]
  } ],
  "corefs" : [ ],
  "typeResolved" : true,
  "userResolved" : false
}