{
  "id" : "395bee40-1ba5-11e8-9fc9-bda4a349c681-8",
  "name" : "lazypay3.txt",
  "createdDate" : 1519725708068,
  "version" : 3,
  "text" : "lear all your ACT broadband bills at a 20% CASHBACK when you pay later via LazyPay! Click here goo.gl/iNbqr1 . T&C apply? ",
  "docLength" : 0,
  "language" : "EN",
  "status" : "SUBMITTED",
  "modifiedDate" : 1519833973874,
  "documentSet" : [ ],
  "preannotation" : [ ],
  "sentences" : [ {
    "id" : "s0",
    "begin" : 0,
    "end" : 83,
    "text" : "lear all your ACT broadband bills at a 20% CASHBACK when you pay later via LazyPay!",
    "tokens" : [ {
      "id" : "s0-t0",
      "begin" : 0,
      "end" : 4,
      "text" : "lear",
      "whiteSpace" : false
    }, {
      "id" : "s0-t1",
      "begin" : 5,
      "end" : 8,
      "text" : "all",
      "whiteSpace" : false
    }, {
      "id" : "s0-t2",
      "begin" : 9,
      "end" : 13,
      "text" : "your",
      "whiteSpace" : false
    }, {
      "id" : "s0-t3",
      "begin" : 14,
      "end" : 17,
      "text" : "ACT",
      "whiteSpace" : false
    }, {
      "id" : "s0-t4",
      "begin" : 18,
      "end" : 27,
      "text" : "broadband",
      "whiteSpace" : false
    }, {
      "id" : "s0-t5",
      "begin" : 28,
      "end" : 33,
      "text" : "bills",
      "whiteSpace" : false
    }, {
      "id" : "s0-t6",
      "begin" : 34,
      "end" : 36,
      "text" : "at",
      "whiteSpace" : false
    }, {
      "id" : "s0-t7",
      "begin" : 37,
      "end" : 38,
      "text" : "a",
      "whiteSpace" : false
    }, {
      "id" : "s0-t8",
      "begin" : 39,
      "end" : 41,
      "text" : "20",
      "whiteSpace" : false
    }, {
      "id" : "s0-t9",
      "begin" : 41,
      "end" : 42,
      "text" : "%",
      "whiteSpace" : false
    }, {
      "id" : "s0-t10",
      "begin" : 43,
      "end" : 51,
      "text" : "CASHBACK",
      "whiteSpace" : false
    }, {
      "id" : "s0-t11",
      "begin" : 52,
      "end" : 56,
      "text" : "when",
      "whiteSpace" : false
    }, {
      "id" : "s0-t12",
      "begin" : 57,
      "end" : 60,
      "text" : "you",
      "whiteSpace" : false
    }, {
      "id" : "s0-t13",
      "begin" : 61,
      "end" : 64,
      "text" : "pay",
      "whiteSpace" : false
    }, {
      "id" : "s0-t14",
      "begin" : 65,
      "end" : 70,
      "text" : "later",
      "whiteSpace" : false
    }, {
      "id" : "s0-t15",
      "begin" : 71,
      "end" : 74,
      "text" : "via",
      "whiteSpace" : false
    }, {
      "id" : "s0-t16",
      "begin" : 75,
      "end" : 82,
      "text" : "LazyPay",
      "whiteSpace" : false
    }, {
      "id" : "s0-t17",
      "begin" : 82,
      "end" : 83,
      "text" : "!",
      "whiteSpace" : false
    } ]
  }, {
    "id" : "s1",
    "begin" : 84,
    "end" : 110,
    "text" : "Click here goo.gl/iNbqr1 .",
    "tokens" : [ {
      "id" : "s1-t0",
      "begin" : 84,
      "end" : 89,
      "text" : "Click",
      "whiteSpace" : false
    }, {
      "id" : "s1-t1",
      "begin" : 90,
      "end" : 94,
      "text" : "here",
      "whiteSpace" : false
    }, {
      "id" : "s1-t2",
      "begin" : 95,
      "end" : 108,
      "text" : "goo.gl/iNbqr1",
      "whiteSpace" : false
    }, {
      "id" : "s1-t3",
      "begin" : 109,
      "end" : 110,
      "text" : ".",
      "whiteSpace" : false
    } ]
  }, {
    "id" : "s2",
    "begin" : 111,
    "end" : 121,
    "text" : "T&C apply?",
    "tokens" : [ {
      "id" : "s2-t0",
      "begin" : 111,
      "end" : 114,
      "text" : "T&C",
      "whiteSpace" : false
    }, {
      "id" : "s2-t1",
      "begin" : 115,
      "end" : 120,
      "text" : "apply",
      "whiteSpace" : false
    }, {
      "id" : "s2-t2",
      "begin" : 120,
      "end" : 121,
      "text" : "?",
      "whiteSpace" : false
    } ]
  } ],
  "mentions" : [ {
    "id" : "s0-m3",
    "properties" : {
      "SIRE_MENTION_ROLE" : "Offer_Applicable",
      "SIRE_ENTITY_SUBTYPE" : "NONE",
      "SIRE_MENTION_TYPE" : "NONE",
      "SIRE_MENTION_CLASS" : "SPC"
    },
    "type" : "Offer_Applicable",
    "begin" : 14,
    "end" : 27,
    "inCoref" : false
  }, {
    "id" : "s0-m1",
    "properties" : {
      "SIRE_MENTION_ROLE" : "Offer",
      "SIRE_ENTITY_SUBTYPE" : "NONE",
      "SIRE_MENTION_TYPE" : "NONE",
      "SIRE_MENTION_CLASS" : "SPC"
    },
    "type" : "Offer",
    "begin" : 39,
    "end" : 51,
    "inCoref" : false
  }, {
    "id" : "s0-m2",
    "properties" : {
      "SIRE_MENTION_ROLE" : "Merchant",
      "SIRE_ENTITY_SUBTYPE" : "NONE",
      "SIRE_MENTION_TYPE" : "NONE",
      "SIRE_MENTION_CLASS" : "SPC"
    },
    "type" : "Merchant",
    "begin" : 75,
    "end" : 82,
    "inCoref" : false
  }, {
    "id" : "s1-m1",
    "properties" : {
      "SIRE_MENTION_ROLE" : "Merchant_URL",
      "SIRE_ENTITY_SUBTYPE" : "NONE",
      "SIRE_MENTION_TYPE" : "NONE",
      "SIRE_MENTION_CLASS" : "SPC"
    },
    "type" : "Merchant_URL",
    "begin" : 95,
    "end" : 108,
    "inCoref" : false
  }, {
    "id" : "s2-m1",
    "properties" : {
      "SIRE_MENTION_ROLE" : "Terms_Conditions",
      "SIRE_ENTITY_SUBTYPE" : "NONE",
      "SIRE_MENTION_TYPE" : "NONE",
      "SIRE_MENTION_CLASS" : "SPC"
    },
    "type" : "Terms_Conditions",
    "begin" : 111,
    "end" : 114,
    "inCoref" : false
  } ],
  "relations" : [ {
    "id" : "s0-r1",
    "properties" : { },
    "type" : "OfferisApplicable",
    "args" : [ "s0-m1", "s0-m3" ]
  }, {
    "id" : "s0-r2",
    "properties" : { },
    "type" : "MerchantgivesOffer",
    "args" : [ "s0-m2", "s0-m1" ]
  } ],
  "corefs" : [ ],
  "typeResolved" : true,
  "userResolved" : false
}