{
  "id" : "c8c738c0-1bda-11e8-9fc9-bda4a349c681-13",
  "name" : "cambss.txt",
  "createdDate" : 1519748712012,
  "version" : 3,
  "text" : " FLAT 50% off on all body massage. Camellia Bali Spa,Velachery,Vijayanagar contact:7358393658/044-48585856 www.camelliabalispa.com https://www.facebook.com/camelliabalispa/ | Offer Code EB9MEFD8 | Valid till 11 Feb, 2018 ",
  "docLength" : 0,
  "language" : "EN",
  "status" : "SUBMITTED",
  "modifiedDate" : 1519834958986,
  "documentSet" : [ ],
  "preannotation" : [ ],
  "sentences" : [ {
    "id" : "s0",
    "begin" : 1,
    "end" : 34,
    "text" : "FLAT 50% off on all body massage.",
    "tokens" : [ {
      "id" : "s0-t0",
      "begin" : 1,
      "end" : 5,
      "text" : "FLAT",
      "whiteSpace" : false
    }, {
      "id" : "s0-t1",
      "begin" : 6,
      "end" : 8,
      "text" : "50",
      "whiteSpace" : false
    }, {
      "id" : "s0-t2",
      "begin" : 8,
      "end" : 9,
      "text" : "%",
      "whiteSpace" : false
    }, {
      "id" : "s0-t3",
      "begin" : 10,
      "end" : 13,
      "text" : "off",
      "whiteSpace" : false
    }, {
      "id" : "s0-t4",
      "begin" : 14,
      "end" : 16,
      "text" : "on",
      "whiteSpace" : false
    }, {
      "id" : "s0-t5",
      "begin" : 17,
      "end" : 20,
      "text" : "all",
      "whiteSpace" : false
    }, {
      "id" : "s0-t6",
      "begin" : 21,
      "end" : 25,
      "text" : "body",
      "whiteSpace" : false
    }, {
      "id" : "s0-t7",
      "begin" : 26,
      "end" : 33,
      "text" : "massage",
      "whiteSpace" : false
    }, {
      "id" : "s0-t8",
      "begin" : 33,
      "end" : 34,
      "text" : ".",
      "whiteSpace" : false
    } ]
  }, {
    "id" : "s1",
    "begin" : 35,
    "end" : 220,
    "text" : "Camellia Bali Spa,Velachery,Vijayanagar contact:7358393658/044-48585856 www.camelliabalispa.com https://www.facebook.com/camelliabalispa/ | Offer Code EB9MEFD8 | Valid till 11 Feb, 2018",
    "tokens" : [ {
      "id" : "s1-t0",
      "begin" : 35,
      "end" : 43,
      "text" : "Camellia",
      "whiteSpace" : false
    }, {
      "id" : "s1-t1",
      "begin" : 44,
      "end" : 48,
      "text" : "Bali",
      "whiteSpace" : false
    }, {
      "id" : "s1-t2",
      "begin" : 49,
      "end" : 52,
      "text" : "Spa",
      "whiteSpace" : false
    }, {
      "id" : "s1-t3",
      "begin" : 52,
      "end" : 53,
      "text" : ",",
      "whiteSpace" : false
    }, {
      "id" : "s1-t4",
      "begin" : 53,
      "end" : 62,
      "text" : "Velachery",
      "whiteSpace" : false
    }, {
      "id" : "s1-t5",
      "begin" : 62,
      "end" : 63,
      "text" : ",",
      "whiteSpace" : false
    }, {
      "id" : "s1-t6",
      "begin" : 63,
      "end" : 74,
      "text" : "Vijayanagar",
      "whiteSpace" : false
    }, {
      "id" : "s1-t7",
      "begin" : 75,
      "end" : 82,
      "text" : "contact",
      "whiteSpace" : false
    }, {
      "id" : "s1-t8",
      "begin" : 82,
      "end" : 83,
      "text" : ":",
      "whiteSpace" : false
    }, {
      "id" : "s1-t9",
      "begin" : 83,
      "end" : 106,
      "text" : "7358393658/044-48585856",
      "whiteSpace" : false
    }, {
      "id" : "s1-t10",
      "begin" : 107,
      "end" : 130,
      "text" : "www.camelliabalispa.com",
      "whiteSpace" : false
    }, {
      "id" : "s1-t11",
      "begin" : 131,
      "end" : 172,
      "text" : "https://www.facebook.com/camelliabalispa/",
      "whiteSpace" : false
    }, {
      "id" : "s1-t12",
      "begin" : 173,
      "end" : 174,
      "text" : "|",
      "whiteSpace" : false
    }, {
      "id" : "s1-t13",
      "begin" : 175,
      "end" : 180,
      "text" : "Offer",
      "whiteSpace" : false
    }, {
      "id" : "s1-t14",
      "begin" : 181,
      "end" : 185,
      "text" : "Code",
      "whiteSpace" : false
    }, {
      "id" : "s1-t15",
      "begin" : 186,
      "end" : 194,
      "text" : "EB9MEFD8",
      "whiteSpace" : false
    }, {
      "id" : "s1-t16",
      "begin" : 195,
      "end" : 196,
      "text" : "|",
      "whiteSpace" : false
    }, {
      "id" : "s1-t17",
      "begin" : 197,
      "end" : 202,
      "text" : "Valid",
      "whiteSpace" : false
    }, {
      "id" : "s1-t18",
      "begin" : 203,
      "end" : 207,
      "text" : "till",
      "whiteSpace" : false
    }, {
      "id" : "s1-t19",
      "begin" : 208,
      "end" : 210,
      "text" : "11",
      "whiteSpace" : false
    }, {
      "id" : "s1-t20",
      "begin" : 211,
      "end" : 214,
      "text" : "Feb",
      "whiteSpace" : false
    }, {
      "id" : "s1-t21",
      "begin" : 214,
      "end" : 215,
      "text" : ",",
      "whiteSpace" : false
    }, {
      "id" : "s1-t22",
      "begin" : 216,
      "end" : 220,
      "text" : "2018",
      "whiteSpace" : false
    } ]
  } ],
  "mentions" : [ {
    "id" : "s0-m1",
    "properties" : {
      "SIRE_MENTION_ROLE" : "Offer",
      "SIRE_ENTITY_SUBTYPE" : "NONE",
      "SIRE_MENTION_TYPE" : "NONE",
      "SIRE_MENTION_CLASS" : "SPC"
    },
    "type" : "Offer",
    "begin" : 1,
    "end" : 13,
    "inCoref" : false
  }, {
    "id" : "s1-m1",
    "properties" : {
      "SIRE_MENTION_ROLE" : "Merchant",
      "SIRE_ENTITY_SUBTYPE" : "NONE",
      "SIRE_MENTION_TYPE" : "NONE",
      "SIRE_MENTION_CLASS" : "SPC"
    },
    "type" : "Merchant",
    "begin" : 35,
    "end" : 52,
    "inCoref" : false
  }, {
    "id" : "s1-m2",
    "properties" : {
      "SIRE_MENTION_ROLE" : "Merchant_Phone",
      "SIRE_ENTITY_SUBTYPE" : "NONE",
      "SIRE_MENTION_TYPE" : "NONE",
      "SIRE_MENTION_CLASS" : "SPC"
    },
    "type" : "Merchant_Phone",
    "begin" : 83,
    "end" : 106,
    "inCoref" : false
  }, {
    "id" : "s1-m3",
    "properties" : {
      "SIRE_MENTION_ROLE" : "Merchant_URL",
      "SIRE_ENTITY_SUBTYPE" : "NONE",
      "SIRE_MENTION_TYPE" : "NONE",
      "SIRE_MENTION_CLASS" : "SPC"
    },
    "type" : "Merchant_URL",
    "begin" : 107,
    "end" : 130,
    "inCoref" : false
  }, {
    "id" : "s1-m4",
    "properties" : {
      "SIRE_MENTION_ROLE" : "Merchant_URL",
      "SIRE_ENTITY_SUBTYPE" : "NONE",
      "SIRE_MENTION_TYPE" : "NONE",
      "SIRE_MENTION_CLASS" : "SPC"
    },
    "type" : "Merchant_URL",
    "begin" : 131,
    "end" : 172,
    "inCoref" : false
  }, {
    "id" : "s1-m5",
    "properties" : {
      "SIRE_MENTION_ROLE" : "Coupon_Code",
      "SIRE_ENTITY_SUBTYPE" : "NONE",
      "SIRE_MENTION_TYPE" : "NONE",
      "SIRE_MENTION_CLASS" : "SPC"
    },
    "type" : "Coupon_Code",
    "begin" : 186,
    "end" : 194,
    "inCoref" : false
  }, {
    "id" : "s1-m6",
    "properties" : {
      "SIRE_MENTION_ROLE" : "Validity_Period",
      "SIRE_ENTITY_SUBTYPE" : "NONE",
      "SIRE_MENTION_TYPE" : "NONE",
      "SIRE_MENTION_CLASS" : "SPC"
    },
    "type" : "Validity_Period",
    "begin" : 197,
    "end" : 220,
    "inCoref" : false
  } ],
  "relations" : [ {
    "id" : "s1-r1",
    "properties" : { },
    "type" : "MerchanthasPhone",
    "args" : [ "s1-m1", "s1-m2" ]
  } ],
  "corefs" : [ ],
  "typeResolved" : true,
  "userResolved" : false
}