{
  "id" : "c8c738c0-1bda-11e8-9fc9-bda4a349c681-1",
  "name" : "kfc.txt",
  "createdDate" : 1519748712012,
  "version" : 3,
  "text" : "Enjoy INDvSA match with KFC! Use code KFCD02 to get 15% off on order above Rs500. Order https://goo.gl/YLnGUc /Call . T&C. Opt-out goo.gl/dpikcT ",
  "docLength" : 0,
  "language" : "EN",
  "status" : "SUBMITTED",
  "modifiedDate" : 1519835111664,
  "documentSet" : [ ],
  "preannotation" : [ ],
  "sentences" : [ {
    "id" : "s0",
    "begin" : 0,
    "end" : 28,
    "text" : "Enjoy INDvSA match with KFC!",
    "tokens" : [ {
      "id" : "s0-t0",
      "begin" : 0,
      "end" : 5,
      "text" : "Enjoy",
      "whiteSpace" : false
    }, {
      "id" : "s0-t1",
      "begin" : 6,
      "end" : 12,
      "text" : "INDvSA",
      "whiteSpace" : false
    }, {
      "id" : "s0-t2",
      "begin" : 13,
      "end" : 18,
      "text" : "match",
      "whiteSpace" : false
    }, {
      "id" : "s0-t3",
      "begin" : 19,
      "end" : 23,
      "text" : "with",
      "whiteSpace" : false
    }, {
      "id" : "s0-t4",
      "begin" : 24,
      "end" : 27,
      "text" : "KFC",
      "whiteSpace" : false
    }, {
      "id" : "s0-t5",
      "begin" : 27,
      "end" : 28,
      "text" : "!",
      "whiteSpace" : false
    } ]
  }, {
    "id" : "s1",
    "begin" : 29,
    "end" : 81,
    "text" : "Use code KFCD02 to get 15% off on order above Rs500.",
    "tokens" : [ {
      "id" : "s1-t0",
      "begin" : 29,
      "end" : 32,
      "text" : "Use",
      "whiteSpace" : false
    }, {
      "id" : "s1-t1",
      "begin" : 33,
      "end" : 37,
      "text" : "code",
      "whiteSpace" : false
    }, {
      "id" : "s1-t2",
      "begin" : 38,
      "end" : 44,
      "text" : "KFCD02",
      "whiteSpace" : false
    }, {
      "id" : "s1-t3",
      "begin" : 45,
      "end" : 47,
      "text" : "to",
      "whiteSpace" : false
    }, {
      "id" : "s1-t4",
      "begin" : 48,
      "end" : 51,
      "text" : "get",
      "whiteSpace" : false
    }, {
      "id" : "s1-t5",
      "begin" : 52,
      "end" : 54,
      "text" : "15",
      "whiteSpace" : false
    }, {
      "id" : "s1-t6",
      "begin" : 54,
      "end" : 55,
      "text" : "%",
      "whiteSpace" : false
    }, {
      "id" : "s1-t7",
      "begin" : 56,
      "end" : 59,
      "text" : "off",
      "whiteSpace" : false
    }, {
      "id" : "s1-t8",
      "begin" : 60,
      "end" : 62,
      "text" : "on",
      "whiteSpace" : false
    }, {
      "id" : "s1-t9",
      "begin" : 63,
      "end" : 68,
      "text" : "order",
      "whiteSpace" : false
    }, {
      "id" : "s1-t10",
      "begin" : 69,
      "end" : 74,
      "text" : "above",
      "whiteSpace" : false
    }, {
      "id" : "s1-t11",
      "begin" : 75,
      "end" : 80,
      "text" : "Rs500",
      "whiteSpace" : false
    }, {
      "id" : "s1-t12",
      "begin" : 80,
      "end" : 81,
      "text" : ".",
      "whiteSpace" : false
    } ]
  }, {
    "id" : "s2",
    "begin" : 82,
    "end" : 117,
    "text" : "Order https://goo.gl/YLnGUc /Call .",
    "tokens" : [ {
      "id" : "s2-t0",
      "begin" : 82,
      "end" : 87,
      "text" : "Order",
      "whiteSpace" : false
    }, {
      "id" : "s2-t1",
      "begin" : 88,
      "end" : 109,
      "text" : "https://goo.gl/YLnGUc",
      "whiteSpace" : false
    }, {
      "id" : "s2-t2",
      "begin" : 110,
      "end" : 115,
      "text" : "/Call",
      "whiteSpace" : false
    }, {
      "id" : "s2-t3",
      "begin" : 116,
      "end" : 117,
      "text" : ".",
      "whiteSpace" : false
    } ]
  }, {
    "id" : "s3",
    "begin" : 118,
    "end" : 144,
    "text" : "T&C. Opt-out goo.gl/dpikcT",
    "tokens" : [ {
      "id" : "s3-t0",
      "begin" : 118,
      "end" : 122,
      "text" : "T&C.",
      "whiteSpace" : false
    }, {
      "id" : "s3-t1",
      "begin" : 123,
      "end" : 126,
      "text" : "Opt",
      "whiteSpace" : false
    }, {
      "id" : "s3-t2",
      "begin" : 126,
      "end" : 127,
      "text" : "-",
      "whiteSpace" : false
    }, {
      "id" : "s3-t3",
      "begin" : 127,
      "end" : 130,
      "text" : "out",
      "whiteSpace" : false
    }, {
      "id" : "s3-t4",
      "begin" : 131,
      "end" : 144,
      "text" : "goo.gl/dpikcT",
      "whiteSpace" : false
    } ]
  } ],
  "mentions" : [ {
    "id" : "s0-m1",
    "properties" : {
      "SIRE_MENTION_ROLE" : "Merchant",
      "SIRE_ENTITY_SUBTYPE" : "NONE",
      "SIRE_MENTION_TYPE" : "NONE",
      "SIRE_MENTION_CLASS" : "SPC"
    },
    "type" : "Merchant",
    "begin" : 24,
    "end" : 27,
    "inCoref" : false
  }, {
    "id" : "s1-m1",
    "properties" : {
      "SIRE_MENTION_ROLE" : "Coupon_Code",
      "SIRE_ENTITY_SUBTYPE" : "NONE",
      "SIRE_MENTION_TYPE" : "NONE",
      "SIRE_MENTION_CLASS" : "SPC"
    },
    "type" : "Coupon_Code",
    "begin" : 38,
    "end" : 44,
    "inCoref" : false
  }, {
    "id" : "s1-m2",
    "properties" : {
      "SIRE_MENTION_ROLE" : "Offer",
      "SIRE_ENTITY_SUBTYPE" : "NONE",
      "SIRE_MENTION_TYPE" : "NONE",
      "SIRE_MENTION_CLASS" : "SPC"
    },
    "type" : "Offer",
    "begin" : 48,
    "end" : 59,
    "inCoref" : false
  }, {
    "id" : "s1-m3",
    "properties" : {
      "SIRE_MENTION_ROLE" : "Offer_Applicable",
      "SIRE_ENTITY_SUBTYPE" : "NONE",
      "SIRE_MENTION_TYPE" : "NONE",
      "SIRE_MENTION_CLASS" : "SPC"
    },
    "type" : "Offer_Applicable",
    "begin" : 60,
    "end" : 80,
    "inCoref" : false
  }, {
    "id" : "s2-m1",
    "properties" : {
      "SIRE_MENTION_ROLE" : "Merchant_URL",
      "SIRE_ENTITY_SUBTYPE" : "NONE",
      "SIRE_MENTION_TYPE" : "NONE",
      "SIRE_MENTION_CLASS" : "SPC"
    },
    "type" : "Merchant_URL",
    "begin" : 88,
    "end" : 109,
    "inCoref" : false
  }, {
    "id" : "s3-m1",
    "properties" : {
      "SIRE_MENTION_ROLE" : "Terms_Conditions",
      "SIRE_ENTITY_SUBTYPE" : "NONE",
      "SIRE_MENTION_TYPE" : "NONE",
      "SIRE_MENTION_CLASS" : "SPC"
    },
    "type" : "Terms_Conditions",
    "begin" : 118,
    "end" : 122,
    "inCoref" : false
  }, {
    "id" : "s3-m2",
    "properties" : {
      "SIRE_MENTION_ROLE" : "Merchant_URL",
      "SIRE_ENTITY_SUBTYPE" : "NONE",
      "SIRE_MENTION_TYPE" : "NONE",
      "SIRE_MENTION_CLASS" : "SPC"
    },
    "type" : "Merchant_URL",
    "begin" : 131,
    "end" : 144,
    "inCoref" : false
  } ],
  "relations" : [ {
    "id" : "s1-r1",
    "properties" : { },
    "type" : "OfferisApplicable",
    "args" : [ "s1-m2", "s1-m3" ]
  }, {
    "id" : "s1-r2",
    "properties" : { },
    "type" : "OfferhasCouponCode",
    "args" : [ "s1-m2", "s1-m1" ]
  } ],
  "corefs" : [ ],
  "typeResolved" : true,
  "userResolved" : false
}