{
  "id" : "c8c738c0-1bda-11e8-9fc9-bda4a349c681-19",
  "name" : "uber3.txt",
  "createdDate" : 1519748712012,
  "version" : 3,
  "text" : "The wait is over! UberEats is now in Vadapalani. Use EATSVADA to get Rs.100 off first 2 meals on a order of Rs.200*. Re.1 delivery fee. Order now: t.uber.com/c3 ",
  "docLength" : 0,
  "language" : "EN",
  "status" : "SUBMITTED",
  "modifiedDate" : 1519835290584,
  "documentSet" : [ ],
  "preannotation" : [ ],
  "sentences" : [ {
    "id" : "s0",
    "begin" : 0,
    "end" : 17,
    "text" : "The wait is over!",
    "tokens" : [ {
      "id" : "s0-t0",
      "begin" : 0,
      "end" : 3,
      "text" : "The",
      "whiteSpace" : false
    }, {
      "id" : "s0-t1",
      "begin" : 4,
      "end" : 8,
      "text" : "wait",
      "whiteSpace" : false
    }, {
      "id" : "s0-t2",
      "begin" : 9,
      "end" : 11,
      "text" : "is",
      "whiteSpace" : false
    }, {
      "id" : "s0-t3",
      "begin" : 12,
      "end" : 16,
      "text" : "over",
      "whiteSpace" : false
    }, {
      "id" : "s0-t4",
      "begin" : 16,
      "end" : 17,
      "text" : "!",
      "whiteSpace" : false
    } ]
  }, {
    "id" : "s1",
    "begin" : 18,
    "end" : 48,
    "text" : "UberEats is now in Vadapalani.",
    "tokens" : [ {
      "id" : "s1-t0",
      "begin" : 18,
      "end" : 26,
      "text" : "UberEats",
      "whiteSpace" : false
    }, {
      "id" : "s1-t1",
      "begin" : 27,
      "end" : 29,
      "text" : "is",
      "whiteSpace" : false
    }, {
      "id" : "s1-t2",
      "begin" : 30,
      "end" : 33,
      "text" : "now",
      "whiteSpace" : false
    }, {
      "id" : "s1-t3",
      "begin" : 34,
      "end" : 36,
      "text" : "in",
      "whiteSpace" : false
    }, {
      "id" : "s1-t4",
      "begin" : 37,
      "end" : 47,
      "text" : "Vadapalani",
      "whiteSpace" : false
    }, {
      "id" : "s1-t5",
      "begin" : 47,
      "end" : 48,
      "text" : ".",
      "whiteSpace" : false
    } ]
  }, {
    "id" : "s2",
    "begin" : 49,
    "end" : 116,
    "text" : "Use EATSVADA to get Rs.100 off first 2 meals on a order of Rs.200*.",
    "tokens" : [ {
      "id" : "s2-t0",
      "begin" : 49,
      "end" : 52,
      "text" : "Use",
      "whiteSpace" : false
    }, {
      "id" : "s2-t1",
      "begin" : 53,
      "end" : 61,
      "text" : "EATSVADA",
      "whiteSpace" : false
    }, {
      "id" : "s2-t2",
      "begin" : 62,
      "end" : 64,
      "text" : "to",
      "whiteSpace" : false
    }, {
      "id" : "s2-t3",
      "begin" : 65,
      "end" : 68,
      "text" : "get",
      "whiteSpace" : false
    }, {
      "id" : "s2-t4",
      "begin" : 69,
      "end" : 75,
      "text" : "Rs.100",
      "whiteSpace" : false
    }, {
      "id" : "s2-t5",
      "begin" : 76,
      "end" : 79,
      "text" : "off",
      "whiteSpace" : false
    }, {
      "id" : "s2-t6",
      "begin" : 80,
      "end" : 85,
      "text" : "first",
      "whiteSpace" : false
    }, {
      "id" : "s2-t7",
      "begin" : 86,
      "end" : 87,
      "text" : "2",
      "whiteSpace" : false
    }, {
      "id" : "s2-t8",
      "begin" : 88,
      "end" : 93,
      "text" : "meals",
      "whiteSpace" : false
    }, {
      "id" : "s2-t9",
      "begin" : 94,
      "end" : 96,
      "text" : "on",
      "whiteSpace" : false
    }, {
      "id" : "s2-t10",
      "begin" : 97,
      "end" : 98,
      "text" : "a",
      "whiteSpace" : false
    }, {
      "id" : "s2-t11",
      "begin" : 99,
      "end" : 104,
      "text" : "order",
      "whiteSpace" : false
    }, {
      "id" : "s2-t12",
      "begin" : 105,
      "end" : 107,
      "text" : "of",
      "whiteSpace" : false
    }, {
      "id" : "s2-t13",
      "begin" : 108,
      "end" : 114,
      "text" : "Rs.200",
      "whiteSpace" : false
    }, {
      "id" : "s2-t14",
      "begin" : 114,
      "end" : 115,
      "text" : "*",
      "whiteSpace" : false
    }, {
      "id" : "s2-t15",
      "begin" : 115,
      "end" : 116,
      "text" : ".",
      "whiteSpace" : false
    } ]
  }, {
    "id" : "s3",
    "begin" : 117,
    "end" : 135,
    "text" : "Re.1 delivery fee.",
    "tokens" : [ {
      "id" : "s3-t0",
      "begin" : 117,
      "end" : 121,
      "text" : "Re.1",
      "whiteSpace" : false
    }, {
      "id" : "s3-t1",
      "begin" : 122,
      "end" : 130,
      "text" : "delivery",
      "whiteSpace" : false
    }, {
      "id" : "s3-t2",
      "begin" : 131,
      "end" : 134,
      "text" : "fee",
      "whiteSpace" : false
    }, {
      "id" : "s3-t3",
      "begin" : 134,
      "end" : 135,
      "text" : ".",
      "whiteSpace" : false
    } ]
  }, {
    "id" : "s4",
    "begin" : 136,
    "end" : 160,
    "text" : "Order now: t.uber.com/c3",
    "tokens" : [ {
      "id" : "s4-t0",
      "begin" : 136,
      "end" : 141,
      "text" : "Order",
      "whiteSpace" : false
    }, {
      "id" : "s4-t1",
      "begin" : 142,
      "end" : 145,
      "text" : "now",
      "whiteSpace" : false
    }, {
      "id" : "s4-t2",
      "begin" : 145,
      "end" : 146,
      "text" : ":",
      "whiteSpace" : false
    }, {
      "id" : "s4-t3",
      "begin" : 147,
      "end" : 160,
      "text" : "t.uber.com/c3",
      "whiteSpace" : false
    } ]
  } ],
  "mentions" : [ {
    "id" : "s2-m1",
    "properties" : {
      "SIRE_MENTION_ROLE" : "Coupon_Code",
      "SIRE_ENTITY_SUBTYPE" : "NONE",
      "SIRE_MENTION_TYPE" : "NONE",
      "SIRE_MENTION_CLASS" : "SPC"
    },
    "type" : "Coupon_Code",
    "begin" : 53,
    "end" : 61,
    "inCoref" : false
  }, {
    "id" : "s2-m2",
    "properties" : {
      "SIRE_MENTION_ROLE" : "Offer",
      "SIRE_ENTITY_SUBTYPE" : "NONE",
      "SIRE_MENTION_TYPE" : "NONE",
      "SIRE_MENTION_CLASS" : "SPC"
    },
    "type" : "Offer",
    "begin" : 65,
    "end" : 79,
    "inCoref" : false
  }, {
    "id" : "s2-m3",
    "properties" : {
      "SIRE_MENTION_ROLE" : "Offer_Applicable",
      "SIRE_ENTITY_SUBTYPE" : "NONE",
      "SIRE_MENTION_TYPE" : "NONE",
      "SIRE_MENTION_CLASS" : "SPC"
    },
    "type" : "Offer_Applicable",
    "begin" : 80,
    "end" : 114,
    "inCoref" : false
  }, {
    "id" : "s4-m1",
    "properties" : {
      "SIRE_MENTION_ROLE" : "Merchant_URL",
      "SIRE_ENTITY_SUBTYPE" : "NONE",
      "SIRE_MENTION_TYPE" : "NONE",
      "SIRE_MENTION_CLASS" : "SPC"
    },
    "type" : "Merchant_URL",
    "begin" : 147,
    "end" : 160,
    "inCoref" : false
  } ],
  "relations" : [ {
    "id" : "s2-r1",
    "properties" : { },
    "type" : "OfferisApplicable",
    "args" : [ "s2-m2", "s2-m3" ]
  }, {
    "id" : "s2-r2",
    "properties" : { },
    "type" : "OfferhasCouponCode",
    "args" : [ "s2-m2", "s2-m1" ]
  } ],
  "corefs" : [ ],
  "typeResolved" : true,
  "userResolved" : false
}